{
    "steps_taken": 8.015424164524422,
    "distance_to_goal": 7.331151088072432,
    "success": 0.30205655526992287,
    "oracle_success": 0.3676092544987147,
    "path_length": 7.9007225947218656,
    "collisions": 0.15204508741799982,
    "spl": 0.282503040036865,
    "ndtw": 0.5033020796275031
}