{
    "steps_taken": 10.55655526992288,
    "distance_to_goal": 6.980958272882553,
    "success": 0.35475578406169667,
    "oracle_success": 0.5102827763496144,
    "path_length": 10.436616152730851,
    "collisions": 0.16437774510130673,
    "spl": 0.3152140109156648,
    "ndtw": 0.5074711355279649
}