{
    "steps_taken": 10.839586731919521,
    "distance_to_goal": 7.031676106936844,
    "success": 0.3083197389885807,
    "oracle_success": 0.4312126155519304,
    "path_length": 11.215393342724502,
    "collisions": 0.12569553908745226,
    "spl": 0.2719371899135519,
    "ndtw": 0.48139818399800155
}