{
    "steps_taken": 7.99184339314845,
    "distance_to_goal": 8.433953938773788,
    "success": 0.2240348015225666,
    "oracle_success": 0.2969004893964111,
    "path_length": 8.146649349329776,
    "collisions": 0.14481819002550464,
    "spl": 0.20072852040367728,
    "ndtw": 0.46241056000856157
}