{
    "steps_taken": 8.904884318766067,
    "distance_to_goal": 7.497337176265784,
    "success": 0.2853470437017995,
    "oracle_success": 0.39460154241645246,
    "path_length": 8.413502695692257,
    "collisions": 0.1827819247669085,
    "spl": 0.2622549432581355,
    "ndtw": 0.4896654591402553
}