{
    "steps_taken": 11.822622107969151,
    "distance_to_goal": 8.106138089149807,
    "success": 0.2570694087403599,
    "oracle_success": 0.44473007712082263,
    "path_length": 10.759421687315884,
    "collisions": 0.21419890454860055,
    "spl": 0.2239793807666678,
    "ndtw": 0.42419174818352073
}