{
    "steps_taken": 9.289203084832906,
    "distance_to_goal": 6.37766197545497,
    "success": 0.41259640102827766,
    "oracle_success": 0.4922879177377892,
    "path_length": 9.672085833717505,
    "collisions": 0.1403447046451574,
    "spl": 0.3688974297113537,
    "ndtw": 0.5533898684046893
}