{
    "steps_taken": 10.284061696658098,
    "distance_to_goal": 6.100833032826072,
    "success": 0.4074550128534704,
    "oracle_success": 0.5616966580976864,
    "path_length": 10.68864417952597,
    "collisions": 0.1360907302903496,
    "spl": 0.3683017549465909,
    "ndtw": 0.5528347348859115
}