{
    "steps_taken": 8.462724935732648,
    "distance_to_goal": 6.250851467902986,
    "success": 0.390745501285347,
    "oracle_success": 0.4434447300771208,
    "path_length": 8.710685994794874,
    "collisions": 0.13965985092621905,
    "spl": 0.36622320277597975,
    "ndtw": 0.5637137330498276
}