{
    "steps_taken": 11.557840616966581,
    "distance_to_goal": 9.378131107932344,
    "success": 0.1953727506426735,
    "oracle_success": 0.37532133676092544,
    "path_length": 10.568580909399195,
    "collisions": 0.23045663580960912,
    "spl": 0.16747550935146516,
    "ndtw": 0.35491226268255505
}