{
    "steps_taken": 10.915171288743883,
    "distance_to_goal": 6.744649718694344,
    "success": 0.35073409461663946,
    "oracle_success": 0.4730831973898858,
    "path_length": 11.468886635271403,
    "collisions": 0.15208232369948485,
    "spl": 0.2977149929126604,
    "ndtw": 0.4914162023077551
}