{
    "steps_taken": 9.946710168569876,
    "distance_to_goal": 8.185599163245529,
    "success": 0.27460576400217507,
    "oracle_success": 0.4148994018488309,
    "path_length": 9.881112135459222,
    "collisions": 0.17227626749834718,
    "spl": 0.23394594498688737,
    "ndtw": 0.44465272800537725
}