{
    "steps_taken": 9.469151670951156,
    "distance_to_goal": 6.9185704179491205,
    "success": 0.38046272493573263,
    "oracle_success": 0.4832904884318766,
    "path_length": 9.242332071723544,
    "collisions": 0.17889439806550586,
    "spl": 0.33934897917448925,
    "ndtw": 0.5266846903754713
}