{
    "steps_taken": 10.222365038560412,
    "distance_to_goal": 6.3180934830322135,
    "success": 0.390745501285347,
    "oracle_success": 0.4897172236503856,
    "path_length": 10.399910786377513,
    "collisions": 0.14971622175029534,
    "spl": 0.3422228154789401,
    "ndtw": 0.5313910075943942
}