{
    "steps_taken": 10.37146529562982,
    "distance_to_goal": 5.8475841824396255,
    "success": 0.44087403598971725,
    "oracle_success": 0.5449871465295629,
    "path_length": 11.043018164996097,
    "collisions": 0.12618729401386478,
    "spl": 0.3969346066887919,
    "ndtw": 0.5687676974734446
}