{
    "steps_taken": 11.58836324089179,
    "distance_to_goal": 9.617588199869552,
    "success": 0.1658510059815117,
    "oracle_success": 0.3219140837411637,
    "path_length": 10.379767689360756,
    "collisions": 0.20028903086480418,
    "spl": 0.14085509876133148,
    "ndtw": 0.3718220678080241
}