{
    "steps_taken": 9.740619902120718,
    "distance_to_goal": 7.481618355720619,
    "success": 0.29907558455682437,
    "oracle_success": 0.4121805328983143,
    "path_length": 9.682736647970259,
    "collisions": 0.14005439997358826,
    "spl": 0.2644550779771815,
    "ndtw": 0.4828378950404317
}