{
    "steps_taken": 10.682519280205655,
    "distance_to_goal": 7.756400085281782,
    "success": 0.3110539845758355,
    "oracle_success": 0.4922879177377892,
    "path_length": 10.362109485618273,
    "collisions": 0.17481973571479922,
    "spl": 0.2761038815122915,
    "ndtw": 0.4649454850881012
}