{
    "steps_taken": 8.822729744426319,
    "distance_to_goal": 6.804679846708106,
    "success": 0.30179445350734097,
    "oracle_success": 0.37792278412180536,
    "path_length": 9.241720646169997,
    "collisions": 0.1070260934420358,
    "spl": 0.2685844218348986,
    "ndtw": 0.5155187476001408
}