{
    "steps_taken": 9.089974293059125,
    "distance_to_goal": 8.25811727122813,
    "success": 0.2866323907455013,
    "oracle_success": 0.37146529562982006,
    "path_length": 8.157623630813841,
    "collisions": 0.23474740768945454,
    "spl": 0.26527341493760037,
    "ndtw": 0.45859254533471594
}