{
    "steps_taken": 7.09026644915715,
    "distance_to_goal": 7.136161767537825,
    "success": 0.28276237085372485,
    "oracle_success": 0.31484502446982054,
    "path_length": 7.107581998746383,
    "collisions": 0.1272257234944695,
    "spl": 0.2674815957896766,
    "ndtw": 0.5281977094648761
}