{
    "steps_taken": 10.276780859162589,
    "distance_to_goal": 7.307222221636169,
    "success": 0.3056008700380642,
    "oracle_success": 0.4192495921696574,
    "path_length": 10.49981906564263,
    "collisions": 0.15166072671338154,
    "spl": 0.2660825619067756,
    "ndtw": 0.47767764406865926
}