{
    "steps_taken": 12.8573264781491,
    "distance_to_goal": 9.884969295450226,
    "success": 0.13239074550128535,
    "oracle_success": 0.3341902313624679,
    "path_length": 11.297041909061928,
    "collisions": 0.2654314402859403,
    "spl": 0.11011991687138842,
    "ndtw": 0.317115021979119
}