{
    "steps_taken": 10.011963023382274,
    "distance_to_goal": 6.870979522584313,
    "success": 0.35073409461663946,
    "oracle_success": 0.456226209896683,
    "path_length": 10.307371325354653,
    "collisions": 0.15287235357416037,
    "spl": 0.3008343073053851,
    "ndtw": 0.500145925679159
}