{
    "steps_taken": 9.546272493573264,
    "distance_to_goal": 6.3759729191469345,
    "success": 0.40359897172236503,
    "oracle_success": 0.4922879177377892,
    "path_length": 9.622614623705871,
    "collisions": 0.13884191538855503,
    "spl": 0.36567605347606935,
    "ndtw": 0.5535917775309009
}