{
    "steps_taken": 10.585644371941273,
    "distance_to_goal": 6.877191604540975,
    "success": 0.3289831430125068,
    "oracle_success": 0.4524197933659598,
    "path_length": 11.070219532333043,
    "collisions": 0.1269954019890686,
    "spl": 0.2833696376713098,
    "ndtw": 0.48986089384532594
}