{
    "steps_taken": 7.415443175638934,
    "distance_to_goal": 6.865024573102294,
    "success": 0.279499728113105,
    "oracle_success": 0.3235454051114736,
    "path_length": 7.410553251653289,
    "collisions": 0.14002354967513048,
    "spl": 0.26018114777364554,
    "ndtw": 0.5368469779684053
}