{
    "steps_taken": 12.461439588688947,
    "distance_to_goal": 9.02797552048777,
    "success": 0.16323907455012854,
    "oracle_success": 0.35347043701799485,
    "path_length": 10.107615424264436,
    "collisions": 0.23739696083884074,
    "spl": 0.13816155337722102,
    "ndtw": 0.3589801704997326
}