{
    "steps_taken": 11.045676998368679,
    "distance_to_goal": 7.743964492205111,
    "success": 0.30070690592713434,
    "oracle_success": 0.44045676998368677,
    "path_length": 11.456594080704205,
    "collisions": 0.1333260692593473,
    "spl": 0.261189287775212,
    "ndtw": 0.4619819329507392
}