{
    "steps_taken": 9.65089722675367,
    "distance_to_goal": 6.817457374418281,
    "success": 0.3360522022838499,
    "oracle_success": 0.4573137574768896,
    "path_length": 9.93313860524277,
    "collisions": 0.14482258287875574,
    "spl": 0.2990779259847658,
    "ndtw": 0.5199119941270595
}