{
    "steps_taken": 8.296356715606308,
    "distance_to_goal": 7.740611491490879,
    "success": 0.27460576400217507,
    "oracle_success": 0.35943447525829253,
    "path_length": 8.472139876870841,
    "collisions": 0.14771607923233054,
    "spl": 0.2476557471157566,
    "ndtw": 0.4899570359915781
}