{
    "steps_taken": 10.300706905927134,
    "distance_to_goal": 6.772076169244617,
    "success": 0.3414899401848831,
    "oracle_success": 0.43501903208265363,
    "path_length": 10.854645187414391,
    "collisions": 0.12968516271207695,
    "spl": 0.2984581648315886,
    "ndtw": 0.5040002287695434
}