{
    "steps_taken": 7.060902664491572,
    "distance_to_goal": 7.050734711937554,
    "success": 0.2941816204458945,
    "oracle_success": 0.3235454051114736,
    "path_length": 7.145839555204967,
    "collisions": 0.12757365102173693,
    "spl": 0.2777624191940271,
    "ndtw": 0.5369408857839659
}