{
    "steps_taken": 9.344752582925503,
    "distance_to_goal": 7.418206650656387,
    "success": 0.30070690592713434,
    "oracle_success": 0.42359978249048397,
    "path_length": 9.539566569900856,
    "collisions": 0.1342189851414655,
    "spl": 0.26909176296657983,
    "ndtw": 0.49773950899683417
}