{
    "steps_taken": 8.034801522566612,
    "distance_to_goal": 6.699577841447902,
    "success": 0.32300163132137033,
    "oracle_success": 0.3762914627514954,
    "path_length": 8.287286421678271,
    "collisions": 0.13000499375193958,
    "spl": 0.29614929196342077,
    "ndtw": 0.5385522834816607
}