{
    "steps_taken": 9.762914627514954,
    "distance_to_goal": 7.041611324924856,
    "success": 0.320826536160957,
    "oracle_success": 0.42033713974986403,
    "path_length": 9.953151851692986,
    "collisions": 0.14210291025101165,
    "spl": 0.27396801135327475,
    "ndtw": 0.48935618909536205
}