{
    "steps_taken": 8.8573264781491,
    "distance_to_goal": 6.214507321695436,
    "success": 0.4087403598971722,
    "oracle_success": 0.4601542416452442,
    "path_length": 8.864571579885215,
    "collisions": 0.1542597170936848,
    "spl": 0.37537802467552334,
    "ndtw": 0.5687780177818605
}