{
    "steps_taken": 10.195372750642674,
    "distance_to_goal": 7.277008105624841,
    "success": 0.34061696658097684,
    "oracle_success": 0.493573264781491,
    "path_length": 9.89162394996907,
    "collisions": 0.17600409345136694,
    "spl": 0.30056118424236966,
    "ndtw": 0.4892436290651705
}