{
    "steps_taken": 9.69331158238173,
    "distance_to_goal": 7.846049408599037,
    "success": 0.2805872756933116,
    "oracle_success": 0.4051114736269712,
    "path_length": 9.824296106406262,
    "collisions": 0.14963444170978138,
    "spl": 0.2424086917140602,
    "ndtw": 0.46892877017151513
}