{
    "steps_taken": 12.33768352365416,
    "distance_to_goal": 10.158937297331988,
    "success": 0.12234910277324633,
    "oracle_success": 0.31593257205002717,
    "path_length": 11.104938940189204,
    "collisions": 0.2502630613945579,
    "spl": 0.10201316742325385,
    "ndtw": 0.3242913536188303
}