{
    "steps_taken": 10.209352909189777,
    "distance_to_goal": 8.956110198308004,
    "success": 0.2011963023382273,
    "oracle_success": 0.35997824904839587,
    "path_length": 10.38118995097172,
    "collisions": 0.18716681155976178,
    "spl": 0.1734740323326502,
    "ndtw": 0.3998208167586905
}