{
    "steps_taken": 8.68515497553018,
    "distance_to_goal": 6.878983408141762,
    "success": 0.3387710712343665,
    "oracle_success": 0.4154431756389342,
    "path_length": 8.932797136450482,
    "collisions": 0.14810717429937406,
    "spl": 0.30571495960831785,
    "ndtw": 0.5253366548808382
}