{
    "steps_taken": 8.615681233933161,
    "distance_to_goal": 8.525569444067374,
    "success": 0.23136246786632392,
    "oracle_success": 0.3213367609254499,
    "path_length": 8.14934486834176,
    "collisions": 0.18849340698570113,
    "spl": 0.20942457202953205,
    "ndtw": 0.4346566343603741
}