{
    "steps_taken": 10.59254498714653,
    "distance_to_goal": 6.775589424015471,
    "success": 0.3740359897172236,
    "oracle_success": 0.512853470437018,
    "path_length": 10.981788341205476,
    "collisions": 0.14104537519651708,
    "spl": 0.3207187671462632,
    "ndtw": 0.5073013857225221
}