{
    "steps_taken": 10.178357803153888,
    "distance_to_goal": 9.023942057774597,
    "success": 0.19738988580750408,
    "oracle_success": 0.32028276237085374,
    "path_length": 9.629734596081262,
    "collisions": 0.1819814200055945,
    "spl": 0.17036218806352718,
    "ndtw": 0.4042773122546607
}