{
    "steps_taken": 11.803341902313624,
    "distance_to_goal": 9.44364162090122,
    "success": 0.2159383033419023,
    "oracle_success": 0.36246786632390743,
    "path_length": 9.975112478291592,
    "collisions": 0.23002605029758838,
    "spl": 0.19175360560866728,
    "ndtw": 0.3683088208514884
}