{
    "steps_taken": 10.009244154431757,
    "distance_to_goal": 7.36684913054927,
    "success": 0.3251767264817836,
    "oracle_success": 0.4192495921696574,
    "path_length": 10.235325398680843,
    "collisions": 0.14212286105310398,
    "spl": 0.2823648639836093,
    "ndtw": 0.48327463462542825
}