{
    "steps_taken": 9.875321336760926,
    "distance_to_goal": 6.906790801311979,
    "success": 0.37660668380462725,
    "oracle_success": 0.4820051413881748,
    "path_length": 9.880334819207661,
    "collisions": 0.177691188262084,
    "spl": 0.33594160754033997,
    "ndtw": 0.5151168256040035
}