{
    "steps_taken": 9.704370179948587,
    "distance_to_goal": 6.672668326014035,
    "success": 0.3508997429305913,
    "oracle_success": 0.4434447300771208,
    "path_length": 10.163094158738184,
    "collisions": 0.12018546554443,
    "spl": 0.31695080328207903,
    "ndtw": 0.5156204237703733
}