{
    "steps_taken": 8.412724306688418,
    "distance_to_goal": 6.842080970220328,
    "success": 0.33278955954323003,
    "oracle_success": 0.3735725938009788,
    "path_length": 8.524504779017114,
    "collisions": 0.1370016721556104,
    "spl": 0.3015420236334663,
    "ndtw": 0.5276982476666674
}