{
    "steps_taken": 8.564437194127244,
    "distance_to_goal": 7.849238518254792,
    "success": 0.28602501359434473,
    "oracle_success": 0.3442088091353997,
    "path_length": 8.276098841253281,
    "collisions": 0.18592517723855523,
    "spl": 0.25928759140055985,
    "ndtw": 0.47520473292435667
}