{
    "steps_taken": 11.091259640102828,
    "distance_to_goal": 6.998415385906831,
    "success": 0.3496143958868895,
    "oracle_success": 0.5115681233933161,
    "path_length": 11.334649895182228,
    "collisions": 0.16327735674151495,
    "spl": 0.3053322991144748,
    "ndtw": 0.4810360186892154
}