{
    "steps_taken": 9.397172236503856,
    "distance_to_goal": 6.64737969526547,
    "success": 0.38817480719794345,
    "oracle_success": 0.506426735218509,
    "path_length": 9.82988821272079,
    "collisions": 0.11870751908152494,
    "spl": 0.35003639364128125,
    "ndtw": 0.5359313251515396
}