{
    "steps_taken": 8.907558455682436,
    "distance_to_goal": 7.48754713052905,
    "success": 0.3034257748776509,
    "oracle_success": 0.40184883088635126,
    "path_length": 8.984821192231399,
    "collisions": 0.15657436981791545,
    "spl": 0.27179045209836933,
    "ndtw": 0.4953929661696325
}