{
    "steps_taken": 16.812941816204457,
    "distance_to_goal": 6.893059235793407,
    "success": 0.2582925502990756,
    "oracle_success": 0.523110386079391,
    "path_length": 18.44212861305867,
    "collisions": 0.13702389758655859,
    "spl": 0.20131359518152267,
    "ndtw": 0.3550367237234759
}