{
    "steps_taken": 8.741707449700925,
    "distance_to_goal": 6.814735345349988,
    "success": 0.32300163132137033,
    "oracle_success": 0.38553561718325174,
    "path_length": 8.826849718383194,
    "collisions": 0.13331245006947023,
    "spl": 0.29138981512334644,
    "ndtw": 0.5264769813220374
}