{
    "steps_taken": 10.425774877650896,
    "distance_to_goal": 7.29549692376492,
    "success": 0.3034257748776509,
    "oracle_success": 0.4355628058727569,
    "path_length": 10.892635871298275,
    "collisions": 0.1469618993626905,
    "spl": 0.26156155493194266,
    "ndtw": 0.47466062976228596
}