{
    "steps_taken": 7.480152256661229,
    "distance_to_goal": 7.942531995807509,
    "success": 0.24850462207721588,
    "oracle_success": 0.2936378466557912,
    "path_length": 7.678423819060912,
    "collisions": 0.12310431209264164,
    "spl": 0.23125406144083438,
    "ndtw": 0.49626395497728587
}