{
    "steps_taken": 10.916802610114193,
    "distance_to_goal": 8.294815120553114,
    "success": 0.2528548123980424,
    "oracle_success": 0.41000543773790105,
    "path_length": 10.338826134943456,
    "collisions": 0.19653407854342547,
    "spl": 0.22172749695624455,
    "ndtw": 0.4252112180403957
}