{
    "steps_taken": 9.625964010282777,
    "distance_to_goal": 6.877245049167108,
    "success": 0.35861182519280205,
    "oracle_success": 0.4768637532133676,
    "path_length": 9.584760422346646,
    "collisions": 0.16297052375761778,
    "spl": 0.3281314613828217,
    "ndtw": 0.5160011916646007
}