{
    "steps_taken": 7.624678663239075,
    "distance_to_goal": 6.5092636813771145,
    "success": 0.3676092544987147,
    "oracle_success": 0.4074550128534704,
    "path_length": 7.724138359448756,
    "collisions": 0.13612727039329955,
    "spl": 0.3479505191102181,
    "ndtw": 0.5509599223703546
}