{
    "steps_taken": 9.013594344752583,
    "distance_to_goal": 6.6345150879335595,
    "success": 0.3442088091353997,
    "oracle_success": 0.40456769983686786,
    "path_length": 9.35119824654837,
    "collisions": 0.13105912815888443,
    "spl": 0.3026328581031227,
    "ndtw": 0.5288149669917366
}