{
    "steps_taken": 9.133768352365417,
    "distance_to_goal": 7.227499856410499,
    "success": 0.3170201196302338,
    "oracle_success": 0.4056552474170745,
    "path_length": 9.251734056219895,
    "collisions": 0.15787671615133334,
    "spl": 0.28193503763391503,
    "ndtw": 0.49638506606627913
}