{
    "steps_taken": 9.884318766066839,
    "distance_to_goal": 6.496291409938531,
    "success": 0.4023136246786632,
    "oracle_success": 0.512853470437018,
    "path_length": 9.928379402296754,
    "collisions": 0.14838325926569204,
    "spl": 0.36027724957613544,
    "ndtw": 0.5431756338471062
}