{
    "steps_taken": 9.656878738444806,
    "distance_to_goal": 7.528235254103299,
    "success": 0.3045133224578575,
    "oracle_success": 0.4246873300706906,
    "path_length": 9.814766353470056,
    "collisions": 0.14152888985943363,
    "spl": 0.2687899136375795,
    "ndtw": 0.48592454647423694
}