{
    "steps_taken": 8.814029363784666,
    "distance_to_goal": 7.320276279055097,
    "success": 0.29798803697661774,
    "oracle_success": 0.3969548667754214,
    "path_length": 9.128097495298192,
    "collisions": 0.12284966869905208,
    "spl": 0.266782516881231,
    "ndtw": 0.5100263132494496
}