{
    "steps_taken": 10.646529562982005,
    "distance_to_goal": 7.564451521659954,
    "success": 0.30205655526992287,
    "oracle_success": 0.4961439588688946,
    "path_length": 10.53993520508548,
    "collisions": 0.1539549650922167,
    "spl": 0.26619327901350154,
    "ndtw": 0.4717667932658233
}