{
    "steps_taken": 16.970437017994858,
    "distance_to_goal": 6.717124389316934,
    "success": 0.3149100257069409,
    "oracle_success": 0.5796915167095116,
    "path_length": 18.262646340684796,
    "collisions": 0.14127465685912025,
    "spl": 0.24616540293670347,
    "ndtw": 0.3879038938054374
}