{
    "steps_taken": 11.248071979434448,
    "distance_to_goal": 6.717616657135113,
    "success": 0.36246786632390743,
    "oracle_success": 0.5205655526992288,
    "path_length": 11.441148322277057,
    "collisions": 0.15619871683142544,
    "spl": 0.32073338079837754,
    "ndtw": 0.5060667016355767
}