{
    "steps_taken": 7.813624678663239,
    "distance_to_goal": 7.014801582153934,
    "success": 0.3341902313624679,
    "oracle_success": 0.3856041131105398,
    "path_length": 7.669897731790312,
    "collisions": 0.14418327373083054,
    "spl": 0.3164253442156175,
    "ndtw": 0.5263919226609851
}