{
    "steps_taken": 10.367609254498715,
    "distance_to_goal": 6.319644805359963,
    "success": 0.40359897172236503,
    "oracle_success": 0.5295629820051414,
    "path_length": 10.612783417784655,
    "collisions": 0.16691468982907207,
    "spl": 0.3566034126157334,
    "ndtw": 0.5311825584262061
}