{
    "steps_taken": 8.555193039695487,
    "distance_to_goal": 7.181777757582877,
    "success": 0.31430125067971726,
    "oracle_success": 0.3969548667754214,
    "path_length": 8.813871358863558,
    "collisions": 0.13211616348023297,
    "spl": 0.28662420925990556,
    "ndtw": 0.5135162509312273
}