{
    "steps_taken": 10.606683804627249,
    "distance_to_goal": 6.471026891052417,
    "success": 0.41131105398457585,
    "oracle_success": 0.5295629820051414,
    "path_length": 10.891775112969853,
    "collisions": 0.15166282141696996,
    "spl": 0.35510152274394746,
    "ndtw": 0.527553834601206
}