{
    "steps_taken": 8.070694087403599,
    "distance_to_goal": 6.487742829522007,
    "success": 0.3740359897172236,
    "oracle_success": 0.40488431876606684,
    "path_length": 7.882726565465205,
    "collisions": 0.15352955011759012,
    "spl": 0.34795234363998284,
    "ndtw": 0.5599670705673653
}