{
    "steps_taken": 8.920065252854812,
    "distance_to_goal": 7.27775218560603,
    "success": 0.3056008700380642,
    "oracle_success": 0.3926046764545949,
    "path_length": 8.85268087036437,
    "collisions": 0.17205867828549629,
    "spl": 0.2716582211771631,
    "ndtw": 0.5013137302602915
}