{
    "steps_taken": 9.37146529562982,
    "distance_to_goal": 6.696260892194732,
    "success": 0.38303341902313626,
    "oracle_success": 0.4922879177377892,
    "path_length": 9.676128973462646,
    "collisions": 0.13192682790372448,
    "spl": 0.348589651503742,
    "ndtw": 0.5332463012852
}