{
    "steps_taken": 9.524741707449701,
    "distance_to_goal": 7.6387797332104945,
    "success": 0.27895595432300163,
    "oracle_success": 0.4083741163675911,
    "path_length": 9.479707439358672,
    "collisions": 0.15694613259999673,
    "spl": 0.2497485313056973,
    "ndtw": 0.4860587046178274
}