{
    "steps_taken": 11.316195372750643,
    "distance_to_goal": 6.584726819126917,
    "success": 0.40102827763496146,
    "oracle_success": 0.538560411311054,
    "path_length": 11.631283495538403,
    "collisions": 0.13182712472844668,
    "spl": 0.35231756818850174,
    "ndtw": 0.518171088307717
}