{
    "steps_taken": 10.210796915167094,
    "distance_to_goal": 6.362925780415152,
    "success": 0.390745501285347,
    "oracle_success": 0.5115681233933161,
    "path_length": 10.469722498279049,
    "collisions": 0.149140717480564,
    "spl": 0.3439831582969588,
    "ndtw": 0.5297750808249153
}