{
    "steps_taken": 10.65038560411311,
    "distance_to_goal": 8.326944044764826,
    "success": 0.2365038560411311,
    "oracle_success": 0.43316195372750643,
    "path_length": 10.28298394647279,
    "collisions": 0.18396567283149343,
    "spl": 0.20116646883280256,
    "ndtw": 0.42780148742271523
}