{
    "steps_taken": 9.84961439588689,
    "distance_to_goal": 6.271565059769736,
    "success": 0.41259640102827766,
    "oracle_success": 0.4884318766066838,
    "path_length": 10.171642661560593,
    "collisions": 0.1384533091427915,
    "spl": 0.3693517652353997,
    "ndtw": 0.5506921415101581
}