{
    "steps_taken": 11.218508997429305,
    "distance_to_goal": 6.291716903543871,
    "success": 0.38817480719794345,
    "oracle_success": 0.532133676092545,
    "path_length": 11.955473610500688,
    "collisions": 0.13907121002676587,
    "spl": 0.3247106572537366,
    "ndtw": 0.5150899516962155
}