{
    "steps_taken": 10.103860793909734,
    "distance_to_goal": 6.931335856808859,
    "success": 0.33659597607395325,
    "oracle_success": 0.44426318651441,
    "path_length": 10.455029746272524,
    "collisions": 0.16699029987073039,
    "spl": 0.28705654560407784,
    "ndtw": 0.48756153173995587
}