{
    "steps_taken": 11.399742930591259,
    "distance_to_goal": 6.5842083677228125,
    "success": 0.3676092544987147,
    "oracle_success": 0.5,
    "path_length": 11.66204308113087,
    "collisions": 0.1294754627768973,
    "spl": 0.32931016129293833,
    "ndtw": 0.5140094340422993
}