{
    "steps_taken": 10.270799347471453,
    "distance_to_goal": 6.685258565211791,
    "success": 0.3289831430125068,
    "oracle_success": 0.4023926046764546,
    "path_length": 9.38368861456102,
    "collisions": 0.09389540638600773,
    "spl": 0.2898960499510421,
    "ndtw": 0.525760255250396
}