{
    "steps_taken": 8.6884176182708,
    "distance_to_goal": 6.591643952761026,
    "success": 0.32408917890157696,
    "oracle_success": 0.36595976073953235,
    "path_length": 8.22083317111811,
    "collisions": 0.08928770926590468,
    "spl": 0.2935089353182846,
    "ndtw": 0.542212203597118
}