{
    "steps_taken": 17.725938009787928,
    "distance_to_goal": 11.124267327969427,
    "success": 0.10331702011963023,
    "oracle_success": 0.3887982599238717,
    "path_length": 15.225793809120635,
    "collisions": 0.24760729089897976,
    "spl": 0.08020922850548264,
    "ndtw": 0.2383361380997863
}