{
    "steps_taken": 10.59254498714653,
    "distance_to_goal": 8.009672258671728,
    "success": 0.30205655526992287,
    "oracle_success": 0.4588688946015424,
    "path_length": 10.361235661382223,
    "collisions": 0.11283024679330197,
    "spl": 0.26822681365892986,
    "ndtw": 0.4746355384088957
}