{
    "steps_taken": 12.604132680804785,
    "distance_to_goal": 6.4042194197217714,
    "success": 0.3480152256661229,
    "oracle_success": 0.47525829255029906,
    "path_length": 11.60385440054889,
    "collisions": 0.10256035513446635,
    "spl": 0.3001806555948728,
    "ndtw": 0.5051871744284081
}