{
    "steps_taken": 9.304627249357326,
    "distance_to_goal": 6.777454664231611,
    "success": 0.34318766066838047,
    "oracle_success": 0.39845758354755784,
    "path_length": 8.54852964636773,
    "collisions": 0.0817608923466688,
    "spl": 0.3151808561619705,
    "ndtw": 0.5435562145723126
}