{
    "steps_taken": 9.917346383904295,
    "distance_to_goal": 6.826937941294477,
    "success": 0.32843936922240347,
    "oracle_success": 0.4176182707993475,
    "path_length": 9.446402133736209,
    "collisions": 0.12153772814617424,
    "spl": 0.2866432569276017,
    "ndtw": 0.5122458483362032
}