{
    "steps_taken": 10.933659597607395,
    "distance_to_goal": 6.2515189277890375,
    "success": 0.3452963567156063,
    "oracle_success": 0.41272430668841764,
    "path_length": 9.769158473610736,
    "collisions": 0.07672776250786267,
    "spl": 0.30747915213678717,
    "ndtw": 0.5347628946360409
}