{
    "steps_taken": 9.771071234366504,
    "distance_to_goal": 6.513228782180691,
    "success": 0.34638390429581295,
    "oracle_success": 0.3953235454051115,
    "path_length": 9.792967246788406,
    "collisions": 0.08932089100961378,
    "spl": 0.29996574063219983,
    "ndtw": 0.5305184535973356
}