{
    "steps_taken": 14.430591259640103,
    "distance_to_goal": 5.759455019905014,
    "success": 0.40616966580976865,
    "oracle_success": 0.5848329048843187,
    "path_length": 13.629878308955833,
    "collisions": 0.07497391863710816,
    "spl": 0.3472715501625198,
    "ndtw": 0.519177880248961
}