{
    "steps_taken": 10.903598971722365,
    "distance_to_goal": 6.038400627380587,
    "success": 0.4267352185089974,
    "oracle_success": 0.5115681233933161,
    "path_length": 10.65755168758743,
    "collisions": 0.09587856988562403,
    "spl": 0.3653707583047928,
    "ndtw": 0.5536455054675757
}