{
    "steps_taken": 14.248071979434448,
    "distance_to_goal": 6.3681860086544,
    "success": 0.38046272493573263,
    "oracle_success": 0.5334190231362468,
    "path_length": 13.166298834147232,
    "collisions": 0.09185303262425205,
    "spl": 0.31296669261331594,
    "ndtw": 0.48793047136483997
}