{
    "steps_taken": 11.10657966286025,
    "distance_to_goal": 7.151825382566163,
    "success": 0.3349646547036433,
    "oracle_success": 0.4600326264274062,
    "path_length": 10.190683699557873,
    "collisions": 0.10132702377457538,
    "spl": 0.2875774639805091,
    "ndtw": 0.49871469403341473
}