{
    "steps_taken": 14.244215938303341,
    "distance_to_goal": 9.15298342323625,
    "success": 0.17352185089974292,
    "oracle_success": 0.4190231362467866,
    "path_length": 11.821663654046766,
    "collisions": 0.16732005764410662,
    "spl": 0.14946361889365456,
    "ndtw": 0.361826420962081
}