{
    "steps_taken": 9.983290488431876,
    "distance_to_goal": 5.845806356160339,
    "success": 0.42159383033419023,
    "oracle_success": 0.4781491002570694,
    "path_length": 10.135914250854254,
    "collisions": 0.07835289944393008,
    "spl": 0.3680340717491095,
    "ndtw": 0.578113816546113
}