{
    "steps_taken": 13.84318766066838,
    "distance_to_goal": 6.057488577471505,
    "success": 0.42159383033419023,
    "oracle_success": 0.5809768637532133,
    "path_length": 13.186179006559831,
    "collisions": 0.0967072013708004,
    "spl": 0.3489836241469166,
    "ndtw": 0.5181778794516779
}