{
    "steps_taken": 12.096401028277635,
    "distance_to_goal": 7.300017389346747,
    "success": 0.34832904884318766,
    "oracle_success": 0.5218508997429306,
    "path_length": 11.268356693558866,
    "collisions": 0.08766687043879244,
    "spl": 0.3019588209295775,
    "ndtw": 0.49511957528093165
}