{
    "steps_taken": 13.157150625339858,
    "distance_to_goal": 6.302337632848779,
    "success": 0.3703099510603589,
    "oracle_success": 0.5116911364872213,
    "path_length": 12.762265338362518,
    "collisions": 0.07470495303499763,
    "spl": 0.30868988407555586,
    "ndtw": 0.5005815381376295
}