{
    "steps_taken": 9.69331158238173,
    "distance_to_goal": 6.944746305652534,
    "success": 0.32463295269168024,
    "oracle_success": 0.39804241435562804,
    "path_length": 9.331021759593092,
    "collisions": 0.0864427722731212,
    "spl": 0.2909410889670881,
    "ndtw": 0.5193557268936877
}