{
    "steps_taken": 10.983290488431876,
    "distance_to_goal": 6.1800674667395175,
    "success": 0.4023136246786632,
    "oracle_success": 0.47429305912596403,
    "path_length": 10.122829069025418,
    "collisions": 0.09003941643224524,
    "spl": 0.35674301575973294,
    "ndtw": 0.5536942411212538
}