{
    "steps_taken": 12.380462724935732,
    "distance_to_goal": 8.495258049689866,
    "success": 0.24293059125964012,
    "oracle_success": 0.43316195372750643,
    "path_length": 11.193603942224401,
    "collisions": 0.11835321200998182,
    "spl": 0.21117604232710382,
    "ndtw": 0.4214335468384837
}