{
    "steps_taken": 13.64274061990212,
    "distance_to_goal": 7.290150353670842,
    "success": 0.32300163132137033,
    "oracle_success": 0.48069603045133225,
    "path_length": 12.418449266306547,
    "collisions": 0.09767319975483255,
    "spl": 0.2687904244912975,
    "ndtw": 0.458647900643073
}