{
    "steps_taken": 12.033713974986405,
    "distance_to_goal": 7.569483752568547,
    "success": 0.2930940728656879,
    "oracle_success": 0.46438281674823273,
    "path_length": 11.087407665330462,
    "collisions": 0.13387902636443666,
    "spl": 0.24116415106835856,
    "ndtw": 0.4484548195549383
}