{
    "steps_taken": 9.524741707449701,
    "distance_to_goal": 6.471257778922782,
    "success": 0.3387710712343665,
    "oracle_success": 0.41272430668841764,
    "path_length": 9.291244015679244,
    "collisions": 0.08324873642127344,
    "spl": 0.30383764364780713,
    "ndtw": 0.5396424383885593
}