{
    "steps_taken": 10.578031538879825,
    "distance_to_goal": 6.6879127432428636,
    "success": 0.3485589994562262,
    "oracle_success": 0.4312126155519304,
    "path_length": 10.349827438296478,
    "collisions": 0.09684020346381464,
    "spl": 0.29265578406838627,
    "ndtw": 0.5077957269144233
}