{
    "steps_taken": 12.577120822622108,
    "distance_to_goal": 9.284761411781904,
    "success": 0.20308483290488433,
    "oracle_success": 0.42159383033419023,
    "path_length": 11.978309738717801,
    "collisions": 0.15294314141594734,
    "spl": 0.1695960939597916,
    "ndtw": 0.37330980616272286
}