{
    "steps_taken": 10.790488431876607,
    "distance_to_goal": 6.421771604036266,
    "success": 0.4087403598971722,
    "oracle_success": 0.4922879177377892,
    "path_length": 9.556483392051215,
    "collisions": 0.07550460927986467,
    "spl": 0.37334804749175016,
    "ndtw": 0.5595105396680368
}