{
    "steps_taken": 13.814029363784666,
    "distance_to_goal": 6.788694101552894,
    "success": 0.33985861881457313,
    "oracle_success": 0.5029907558455683,
    "path_length": 12.98666729891076,
    "collisions": 0.10773391986397739,
    "spl": 0.2793088312195752,
    "ndtw": 0.46853600875037876
}