{
    "steps_taken": 11.690592713431213,
    "distance_to_goal": 6.379169403210225,
    "success": 0.33007069059271343,
    "oracle_success": 0.43230016313213704,
    "path_length": 10.973384668137436,
    "collisions": 0.10204662669787853,
    "spl": 0.2799367093833785,
    "ndtw": 0.5023583272845481
}