{
    "steps_taken": 9.6426735218509,
    "distance_to_goal": 6.476288792471327,
    "success": 0.39974293059125965,
    "oracle_success": 0.43958868894601544,
    "path_length": 8.63284920988126,
    "collisions": 0.06062257739872717,
    "spl": 0.36851364286248495,
    "ndtw": 0.5653432923112344
}