{
    "steps_taken": 12.159325720500272,
    "distance_to_goal": 6.6843991332387125,
    "success": 0.355084284937466,
    "oracle_success": 0.47145187601957583,
    "path_length": 11.042387218242359,
    "collisions": 0.09945089201134756,
    "spl": 0.29984800734809847,
    "ndtw": 0.5028561177948457
}