{
    "steps_taken": 10.326264274061991,
    "distance_to_goal": 6.710184900846703,
    "success": 0.35617183251767265,
    "oracle_success": 0.4317563893420337,
    "path_length": 9.713103456546353,
    "collisions": 0.07993551087272598,
    "spl": 0.3171639159173687,
    "ndtw": 0.5252139766761477
}