{
    "steps_taken": 12.687660668380463,
    "distance_to_goal": 5.618008062397884,
    "success": 0.448586118251928,
    "oracle_success": 0.5642673521850899,
    "path_length": 11.611275086581555,
    "collisions": 0.06875294539975631,
    "spl": 0.37971949306194114,
    "ndtw": 0.5660835122969391
}