{
    "steps_taken": 15.201740076128331,
    "distance_to_goal": 6.737229431202496,
    "success": 0.3072321914083741,
    "oracle_success": 0.5035345296356716,
    "path_length": 14.339941045693603,
    "collisions": 0.08653794891130821,
    "spl": 0.25836412179418294,
    "ndtw": 0.44156110498754514
}