{
    "steps_taken": 15.703643284393692,
    "distance_to_goal": 10.286981328215822,
    "success": 0.15878194671016857,
    "oracle_success": 0.433931484502447,
    "path_length": 15.682502269970119,
    "collisions": 0.16018767335679931,
    "spl": 0.12300406612459047,
    "ndtw": 0.2832381569310175
}