{
    "steps_taken": 13.183804627249357,
    "distance_to_goal": 6.123722046072617,
    "success": 0.4267352185089974,
    "oracle_success": 0.5668380462724936,
    "path_length": 12.949830952563165,
    "collisions": 0.0814499593598402,
    "spl": 0.3693724766805464,
    "ndtw": 0.5312095553072054
}