{
    "steps_taken": 10.263730288200108,
    "distance_to_goal": 6.831822091037465,
    "success": 0.35345296356715605,
    "oracle_success": 0.421968461120174,
    "path_length": 9.034124856444036,
    "collisions": 0.09059761209809784,
    "spl": 0.3150508432374718,
    "ndtw": 0.5349043566476164
}