{
    "steps_taken": 15.17095115681234,
    "distance_to_goal": 9.633402096064508,
    "success": 0.17866323907455012,
    "oracle_success": 0.4691516709511568,
    "path_length": 12.848608850981464,
    "collisions": 0.18150605425852281,
    "spl": 0.14052251877075936,
    "ndtw": 0.3394383286634557
}