{
    "steps_taken": 11.80719794344473,
    "distance_to_goal": 6.882367044332938,
    "success": 0.3791773778920309,
    "oracle_success": 0.5282776349614395,
    "path_length": 10.916407985299967,
    "collisions": 0.08946606254323011,
    "spl": 0.33310596198651005,
    "ndtw": 0.5184328994531977
}