{
    "steps_taken": 10.767352185089974,
    "distance_to_goal": 7.255949582684316,
    "success": 0.3444730077120823,
    "oracle_success": 0.5102827763496144,
    "path_length": 10.269101007774667,
    "collisions": 0.09604822882500758,
    "spl": 0.31284959481308616,
    "ndtw": 0.5193574653793265
}