{
    "steps_taken": 17.010282776349616,
    "distance_to_goal": 10.651815820542813,
    "success": 0.11696658097686376,
    "oracle_success": 0.442159383033419,
    "path_length": 14.921967649354348,
    "collisions": 0.23257175859280887,
    "spl": 0.09003875492156639,
    "ndtw": 0.25088029854631644
}