{
    "steps_taken": 10.116911364872212,
    "distance_to_goal": 7.7930667536002,
    "success": 0.2843936922240348,
    "oracle_success": 0.4187058183795541,
    "path_length": 9.69245200678284,
    "collisions": 0.12509019921423006,
    "spl": 0.25118801219959636,
    "ndtw": 0.4771168881168117
}