{
    "steps_taken": 11.026644915715062,
    "distance_to_goal": 6.494063901842094,
    "success": 0.344752582925503,
    "oracle_success": 0.4301250679717238,
    "path_length": 10.055150449174091,
    "collisions": 0.08534155645648357,
    "spl": 0.29485528392927324,
    "ndtw": 0.5224911785812527
}