{
    "steps_taken": 11.51169113648722,
    "distance_to_goal": 8.38828744648137,
    "success": 0.2544861337683524,
    "oracle_success": 0.3866231647634584,
    "path_length": 10.240301376244114,
    "collisions": 0.1439876453538048,
    "spl": 0.21926866171950637,
    "ndtw": 0.4280134183085001
}