{
    "steps_taken": 14.102229472539424,
    "distance_to_goal": 6.776386255405483,
    "success": 0.29255029907558455,
    "oracle_success": 0.45024469820554647,
    "path_length": 13.264745534548998,
    "collisions": 0.07748212147903397,
    "spl": 0.24275244973574622,
    "ndtw": 0.4588017247721509
}