{
    "steps_taken": 12.889613920609026,
    "distance_to_goal": 6.474558632031829,
    "success": 0.35617183251767265,
    "oracle_success": 0.4893964110929853,
    "path_length": 11.916011981268523,
    "collisions": 0.09076783913899103,
    "spl": 0.29861518757599603,
    "ndtw": 0.49922914725829487
}