{
    "steps_taken": 10.499728113104949,
    "distance_to_goal": 7.914402715950929,
    "success": 0.2697117998912452,
    "oracle_success": 0.40348015225666123,
    "path_length": 9.88451115426259,
    "collisions": 0.13523101929131312,
    "spl": 0.2314824576655254,
    "ndtw": 0.45894053603807766
}