{
    "steps_taken": 13.060902664491572,
    "distance_to_goal": 6.485295439351709,
    "success": 0.3442088091353997,
    "oracle_success": 0.4790647090810223,
    "path_length": 12.238427229738612,
    "collisions": 0.08715082077572706,
    "spl": 0.2784672018739905,
    "ndtw": 0.49169926499933225
}