{
    "steps_taken": 12.25706940874036,
    "distance_to_goal": 8.400630515394374,
    "success": 0.2660668380462725,
    "oracle_success": 0.442159383033419,
    "path_length": 10.91162558236602,
    "collisions": 0.1419688017285045,
    "spl": 0.23285078139739018,
    "ndtw": 0.4326601762532837
}