{
    "steps_taken": 11.32904884318766,
    "distance_to_goal": 5.705905298451033,
    "success": 0.40359897172236503,
    "oracle_success": 0.4704370179948586,
    "path_length": 10.247270096201913,
    "collisions": 0.06262386279727104,
    "spl": 0.36726958998824066,
    "ndtw": 0.5756126433270928
}