{
    "steps_taken": 11.066838046272494,
    "distance_to_goal": 5.983068657708582,
    "success": 0.42287917737789205,
    "oracle_success": 0.532133676092545,
    "path_length": 10.712087425851632,
    "collisions": 0.08052293850841687,
    "spl": 0.3654194521707397,
    "ndtw": 0.5601805299957139
}