{
    "steps_taken": 13.113110539845758,
    "distance_to_goal": 5.531745464452435,
    "success": 0.44087403598971725,
    "oracle_success": 0.5796915167095116,
    "path_length": 12.389193928673615,
    "collisions": 0.07574105978532313,
    "spl": 0.3892077242055595,
    "ndtw": 0.556629061908367
}