{
    "steps_taken": 11.764002175095161,
    "distance_to_goal": 8.95915921770802,
    "success": 0.19630233822729745,
    "oracle_success": 0.37955410549211527,
    "path_length": 11.297566408888668,
    "collisions": 0.15886625316848013,
    "spl": 0.16239491272006548,
    "ndtw": 0.38510719487638806
}