{
    "steps_taken": 10.363240891789015,
    "distance_to_goal": 6.445491572443949,
    "success": 0.36269711799891247,
    "oracle_success": 0.4475258292550299,
    "path_length": 9.998075972210495,
    "collisions": 0.09495530855350436,
    "spl": 0.3115694846231424,
    "ndtw": 0.5275895243467206
}