{
    "steps_taken": 10.962724935732648,
    "distance_to_goal": 6.087651691739484,
    "success": 0.40616966580976865,
    "oracle_success": 0.5089974293059126,
    "path_length": 10.292782196186833,
    "collisions": 0.08915037054212861,
    "spl": 0.35792487023406977,
    "ndtw": 0.5515793364322349
}