{
    "steps_taken": 14.219794344473007,
    "distance_to_goal": 6.041432153783107,
    "success": 0.37146529562982006,
    "oracle_success": 0.5089974293059126,
    "path_length": 13.447357843353887,
    "collisions": 0.07039938898564602,
    "spl": 0.31801367008875164,
    "ndtw": 0.5111453114435097
}