{
    "steps_taken": 9.809768637532134,
    "distance_to_goal": 6.054027694260706,
    "success": 0.42802056555269924,
    "oracle_success": 0.4987146529562982,
    "path_length": 9.731662404704958,
    "collisions": 0.06434475592482912,
    "spl": 0.3825054984188574,
    "ndtw": 0.5821883365233631
}