{
    "steps_taken": 11.855356171832518,
    "distance_to_goal": 9.22422621641845,
    "success": 0.21315932572050028,
    "oracle_success": 0.3610657966286025,
    "path_length": 10.748910288843257,
    "collisions": 0.11246822917804913,
    "spl": 0.18238260439173282,
    "ndtw": 0.4036892698003618
}