{
    "steps_taken": 11.506253398586189,
    "distance_to_goal": 6.977552094793047,
    "success": 0.3289831430125068,
    "oracle_success": 0.4660141381185427,
    "path_length": 10.515765518869546,
    "collisions": 0.10541838363933428,
    "spl": 0.28761848558026537,
    "ndtw": 0.5017798807874235
}