{
    "steps_taken": 10.946015424164525,
    "distance_to_goal": 8.321599350533518,
    "success": 0.2712082262210797,
    "oracle_success": 0.4087403598971722,
    "path_length": 10.273725766903738,
    "collisions": 0.13440911207031778,
    "spl": 0.22730970808162534,
    "ndtw": 0.44478445642262854
}