{
    "steps_taken": 10.931876606683804,
    "distance_to_goal": 6.177898281998454,
    "success": 0.4305912596401028,
    "oracle_success": 0.5218508997429306,
    "path_length": 10.409538734613964,
    "collisions": 0.07644534848532562,
    "spl": 0.38329498233180653,
    "ndtw": 0.5542157259998929
}