{
    "steps_taken": 10.22457857531267,
    "distance_to_goal": 6.623221022830977,
    "success": 0.344752582925503,
    "oracle_success": 0.41707449700924415,
    "path_length": 9.34957827285322,
    "collisions": 0.10399319273965899,
    "spl": 0.30381536575033646,
    "ndtw": 0.5243170481962731
}