{
    "steps_taken": 13.163132137030995,
    "distance_to_goal": 6.575053664989863,
    "success": 0.34964654703643283,
    "oracle_success": 0.49429037520391517,
    "path_length": 11.98671392246831,
    "collisions": 0.09716818762170583,
    "spl": 0.29784684683679635,
    "ndtw": 0.4848175061422248
}