{
    "steps_taken": 10.976617727025557,
    "distance_to_goal": 6.4086185048586,
    "success": 0.355084284937466,
    "oracle_success": 0.4507884719956498,
    "path_length": 10.034077255848967,
    "collisions": 0.09136372435720065,
    "spl": 0.3128013036659399,
    "ndtw": 0.5297054450437068
}