{
    "steps_taken": 15.58611825192802,
    "distance_to_goal": 10.880907702463222,
    "success": 0.08611825192802057,
    "oracle_success": 0.39974293059125965,
    "path_length": 13.816656232595612,
    "collisions": 0.2008100186189923,
    "spl": 0.06652655969264261,
    "ndtw": 0.2575863780757949
}