{
    "steps_taken": 11.205655526992288,
    "distance_to_goal": 5.966739121652124,
    "success": 0.43444730077120824,
    "oracle_success": 0.532133676092545,
    "path_length": 10.7651483918969,
    "collisions": 0.08070621202101284,
    "spl": 0.369908348239465,
    "ndtw": 0.5621513529713588
}