{
    "steps_taken": 12.61439588688946,
    "distance_to_goal": 5.823247331915217,
    "success": 0.461439588688946,
    "oracle_success": 0.5822622107969152,
    "path_length": 11.909902030088164,
    "collisions": 0.06772083954220393,
    "spl": 0.40015697132984,
    "ndtw": 0.558699970224414
}