{
    "steps_taken": 16.395886889460154,
    "distance_to_goal": 10.150308158851988,
    "success": 0.15681233933161953,
    "oracle_success": 0.480719794344473,
    "path_length": 16.04452961497901,
    "collisions": 0.16778896141508526,
    "spl": 0.120886983722658,
    "ndtw": 0.28074701120586865
}