{
    "steps_taken": 10.412596401028278,
    "distance_to_goal": 7.388555872864581,
    "success": 0.34318766066838047,
    "oracle_success": 0.45115681233933164,
    "path_length": 9.344867657779991,
    "collisions": 0.12589547941351564,
    "spl": 0.3017928415111719,
    "ndtw": 0.5054685970983248
}