{
    "steps_taken": 12.362467866323907,
    "distance_to_goal": 6.1214334730269595,
    "success": 0.43573264781491,
    "oracle_success": 0.5565552699228792,
    "path_length": 11.356588346889206,
    "collisions": 0.08021982722484855,
    "spl": 0.3730354323492703,
    "ndtw": 0.5536926167048579
}