{
    "steps_taken": 11.73650385604113,
    "distance_to_goal": 5.71160689009842,
    "success": 0.442159383033419,
    "oracle_success": 0.5462724935732648,
    "path_length": 11.419893068648616,
    "collisions": 0.07082252715753427,
    "spl": 0.38013516857631735,
    "ndtw": 0.5703029449655901
}