{
    "steps_taken": 13.273518216421968,
    "distance_to_goal": 6.780869294582882,
    "success": 0.32735182164219684,
    "oracle_success": 0.46383904295812944,
    "path_length": 12.14985265826714,
    "collisions": 0.09670733817427113,
    "spl": 0.26675636534875596,
    "ndtw": 0.46708945948534897
}