{
    "steps_taken": 10.708537248504623,
    "distance_to_goal": 6.32641291942259,
    "success": 0.3583469276780859,
    "oracle_success": 0.4507884719956498,
    "path_length": 10.169877378918025,
    "collisions": 0.08904855559894158,
    "spl": 0.3079323362817125,
    "ndtw": 0.5308559039679799
}