{
    "steps_taken": 9.992387166938554,
    "distance_to_goal": 7.585006636971038,
    "success": 0.2974442631865144,
    "oracle_success": 0.41707449700924415,
    "path_length": 9.557834777163224,
    "collisions": 0.10495674449957766,
    "spl": 0.2650922434206006,
    "ndtw": 0.4965346962635472
}