{
    "steps_taken": 14.961392060902664,
    "distance_to_goal": 9.585150513852692,
    "success": 0.17455138662316477,
    "oracle_success": 0.41381185426862427,
    "path_length": 12.33935083213628,
    "collisions": 0.19854253671000358,
    "spl": 0.13777680318990043,
    "ndtw": 0.33802739136732024
}