{
    "steps_taken": 8.924415443175638,
    "distance_to_goal": 7.132197068458248,
    "success": 0.3132137030995106,
    "oracle_success": 0.3833605220228385,
    "path_length": 8.671714306268347,
    "collisions": 0.11496554901034953,
    "spl": 0.28007807112504013,
    "ndtw": 0.5153962817130748
}