{
    "steps_taken": 11.025706940874036,
    "distance_to_goal": 5.977077995683127,
    "success": 0.442159383033419,
    "oracle_success": 0.5295629820051414,
    "path_length": 11.066109316144226,
    "collisions": 0.0837798854101102,
    "spl": 0.3785674170116067,
    "ndtw": 0.5622122367455218
}