{
    "steps_taken": 12.183795541054922,
    "distance_to_goal": 6.770780615869134,
    "success": 0.32843936922240347,
    "oracle_success": 0.44589450788471996,
    "path_length": 11.155640016771713,
    "collisions": 0.0804166497937175,
    "spl": 0.2782360120823719,
    "ndtw": 0.49433819315904287
}