{
    "steps_taken": 12.398457583547557,
    "distance_to_goal": 7.806022346240006,
    "success": 0.31362467866323906,
    "oracle_success": 0.512853470437018,
    "path_length": 11.475989996793936,
    "collisions": 0.13420383394395308,
    "spl": 0.26836039017126173,
    "ndtw": 0.461937528779636
}