{
    "steps_taken": 8.94987146529563,
    "distance_to_goal": 6.17336295373441,
    "success": 0.4023136246786632,
    "oracle_success": 0.4318766066838046,
    "path_length": 8.543049654642319,
    "collisions": 0.07608307430118201,
    "spl": 0.3650505955106169,
    "ndtw": 0.5800058401869183
}