{
    "steps_taken": 9.869494290375204,
    "distance_to_goal": 7.876137682437784,
    "success": 0.2843936922240348,
    "oracle_success": 0.36269711799891247,
    "path_length": 8.895343835137309,
    "collisions": 0.11929861487595578,
    "spl": 0.25391311531543415,
    "ndtw": 0.47085678542334
}