{
    "steps_taken": 11.169665809768638,
    "distance_to_goal": 5.8507630242259845,
    "success": 0.43444730077120824,
    "oracle_success": 0.5077120822622108,
    "path_length": 10.301349767573996,
    "collisions": 0.07482911002683781,
    "spl": 0.38751955963903345,
    "ndtw": 0.5790556359365309
}