{
    "steps_taken": 11.503856041131105,
    "distance_to_goal": 5.882501121184245,
    "success": 0.41645244215938304,
    "oracle_success": 0.5089974293059126,
    "path_length": 10.752915096153423,
    "collisions": 0.06942523020708137,
    "spl": 0.3712905070710785,
    "ndtw": 0.5636772715292967
}