{
    "steps_taken": 12.895886889460154,
    "distance_to_goal": 5.99755046863808,
    "success": 0.42287917737789205,
    "oracle_success": 0.5359897172236504,
    "path_length": 12.22331746474759,
    "collisions": 0.07511460467145223,
    "spl": 0.3501444862881736,
    "ndtw": 0.5430547675481928
}