{
    "steps_taken": 10.61439588688946,
    "distance_to_goal": 6.8181900211530895,
    "success": 0.37789203084832906,
    "oracle_success": 0.44601542416452444,
    "path_length": 9.582913786610112,
    "collisions": 0.1266969061559449,
    "spl": 0.3342061527198821,
    "ndtw": 0.5301579911576689
}