{
    "steps_taken": 10.633676092544988,
    "distance_to_goal": 6.656976845086693,
    "success": 0.390745501285347,
    "oracle_success": 0.48586118251928023,
    "path_length": 10.454269298609,
    "collisions": 0.0906068519817462,
    "spl": 0.33936879404911074,
    "ndtw": 0.5348533101712928
}