{
    "steps_taken": 15.439912996193584,
    "distance_to_goal": 10.95726786670946,
    "success": 0.1120174007612833,
    "oracle_success": 0.3583469276780859,
    "path_length": 13.797222395565962,
    "collisions": 0.20762539246440442,
    "spl": 0.08261269407345699,
    "ndtw": 0.2719840583243319
}