{
    "steps_taken": 9.575835475578407,
    "distance_to_goal": 7.074783647399405,
    "success": 0.36246786632390743,
    "oracle_success": 0.448586118251928,
    "path_length": 9.419546801683868,
    "collisions": 0.09495842032692543,
    "spl": 0.33023506132595687,
    "ndtw": 0.5255282054498469
}