{
    "steps_taken": 9.938009787928221,
    "distance_to_goal": 7.074129031449475,
    "success": 0.3072321914083741,
    "oracle_success": 0.35997824904839587,
    "path_length": 8.849532528908108,
    "collisions": 0.13222809358013524,
    "spl": 0.271176623282562,
    "ndtw": 0.5010114483239135
}