{
    "steps_taken": 12.240359897172237,
    "distance_to_goal": 6.069346104430125,
    "success": 0.40102827763496146,
    "oracle_success": 0.512853470437018,
    "path_length": 11.233038504351995,
    "collisions": 0.07546098249222002,
    "spl": 0.3566833067963417,
    "ndtw": 0.5473585065908699
}