{
    "steps_taken": 11.945622620989669,
    "distance_to_goal": 6.52998842431365,
    "success": 0.3518216421968461,
    "oracle_success": 0.4698205546492659,
    "path_length": 10.73282258179433,
    "collisions": 0.09792071206496941,
    "spl": 0.30143973085671394,
    "ndtw": 0.5118281482588523
}