{
    "steps_taken": 13.15809768637532,
    "distance_to_goal": 6.059481064379598,
    "success": 0.4267352185089974,
    "oracle_success": 0.5552699228791774,
    "path_length": 12.819387664314881,
    "collisions": 0.07826863434731651,
    "spl": 0.3576461204342294,
    "ndtw": 0.5279530249339898
}