{
    "steps_taken": 13.40745501285347,
    "distance_to_goal": 5.805257668637295,
    "success": 0.43958868894601544,
    "oracle_success": 0.5848329048843187,
    "path_length": 12.516210212207286,
    "collisions": 0.07481465858073619,
    "spl": 0.3671854188789392,
    "ndtw": 0.5500688436821598
}