{
    "steps_taken": 13.333333333333334,
    "distance_to_goal": 9.33066702282432,
    "success": 0.1859706362153344,
    "oracle_success": 0.3523654159869494,
    "path_length": 11.075928369301304,
    "collisions": 0.1682753999172412,
    "spl": 0.15825583214855712,
    "ndtw": 0.377100195176952
}