{
    "steps_taken": 13.826478149100257,
    "distance_to_goal": 6.351419333181797,
    "success": 0.38431876606683807,
    "oracle_success": 0.5732647814910026,
    "path_length": 12.604113087578911,
    "collisions": 0.084014917707658,
    "spl": 0.32265287169236934,
    "ndtw": 0.5147432371719427
}