{
    "steps_taken": 11.107667210440457,
    "distance_to_goal": 6.852764979454062,
    "success": 0.32137030995106036,
    "oracle_success": 0.4181620445894508,
    "path_length": 10.45288970664579,
    "collisions": 0.105006079972672,
    "spl": 0.2696006675486388,
    "ndtw": 0.4950773997021304
}