{
    "steps_taken": 10.034704370179949,
    "distance_to_goal": 6.598687801888371,
    "success": 0.37789203084832906,
    "oracle_success": 0.46786632390745503,
    "path_length": 9.835548517895745,
    "collisions": 0.06220602285197635,
    "spl": 0.3426534109500259,
    "ndtw": 0.5544678972717422
}