{
    "steps_taken": 13.383360522022839,
    "distance_to_goal": 6.608405994574472,
    "success": 0.35073409461663946,
    "oracle_success": 0.48450244698205547,
    "path_length": 13.095107247494633,
    "collisions": 0.08936449963107562,
    "spl": 0.2922038332413846,
    "ndtw": 0.47836622731365946
}