{
    "steps_taken": 9.153887982599239,
    "distance_to_goal": 6.578587604738273,
    "success": 0.32300163132137033,
    "oracle_success": 0.3703099510603589,
    "path_length": 8.107544005619605,
    "collisions": 0.0723501702690312,
    "spl": 0.29751228108487077,
    "ndtw": 0.5510011871292788
}