{
    "steps_taken": 8.743338771071235,
    "distance_to_goal": 7.043679790814924,
    "success": 0.28276237085372485,
    "oracle_success": 0.3333333333333333,
    "path_length": 7.912900821407353,
    "collisions": 0.10266224635037018,
    "spl": 0.25971679477109805,
    "ndtw": 0.5304478497797229
}